,Date,Time
0,29/12/2020,17:12
1,29/12/2020,17:14
2,29/12/2020,17:16
3,29/12/2020,17:17
4,29/12/2020,17:24
5,29/12/2020,17:25
6,29/12/2020,17:27
7,29/12/2020,17:31
8,29/12/2020,17:35
9,29/12/2020,17:36
10,29/12/2020,17:40
11,29/12/2020,17:49
12,29/12/2020,17:51
13,29/12/2020,17:52
14,29/12/2020,17:52
15,29/12/2020,17:56
16,29/12/2020,18:14
17,29/12/2020,18:18
18,29/12/2020,18:18
19,29/12/2020,18:19
20,29/12/2020,18:21
21,29/12/2020,18:21
22,29/12/2020,18:22
23,29/12/2020,18:26
24,29/12/2020,18:38
25,29/12/2020,18:50
26,29/12/2020,18:54
27,29/12/2020,18:57
28,29/12/2020,18:58
29,29/12/2020,19:14
30,29/12/2020,19:15
31,29/12/2020,19:16
32,29/12/2020,19:19
33,29/12/2020,19:19
34,29/12/2020,19:22
35,29/12/2020,19:25
36,29/12/2020,19:25
37,29/12/2020,19:33
38,29/12/2020,19:42
39,29/12/2020,19:45
40,29/12/2020,19:49
41,29/12/2020,19:49
42,29/12/2020,19:57
43,29/12/2020,19:58
44,29/12/2020,20:13
45,29/12/2020,20:13
46,29/12/2020,20:13
47,29/12/2020,20:20
48,29/12/2020,20:21
49,29/12/2020,20:25
50,29/12/2020,20:27
51,29/12/2020,20:38
52,29/12/2020,20:41
53,29/12/2020,20:43
54,29/12/2020,20:47
55,29/12/2020,20:50
56,29/12/2020,20:53
57,29/12/2020,20:54
58,29/12/2020,21:13
59,29/12/2020,21:13
60,29/12/2020,21:19
61,29/12/2020,21:19
62,29/12/2020,21:25
63,29/12/2020,21:27
64,29/12/2020,21:34
65,29/12/2020,21:36
66,29/12/2020,21:36
67,29/12/2020,21:41
68,29/12/2020,21:45
69,29/12/2020,21:49
70,29/12/2020,21:50
71,29/12/2020,21:52
72,29/12/2020,21:54
